Lag1,Lag2,Lag3,Lag4,Lag5,Volume,Direction
0.381,-0.192,-2.624,-1.055,5.01,1.1913,1
0.959,0.381,-0.192,-2.624,-1.055,1.2965,1
1.032,0.959,0.381,-0.192,-2.624,1.4112,-1
-0.623,1.032,0.959,0.381,-0.192,1.276,1
1.392,0.213,0.614,-0.623,1.032,1.445,-1
-0.403,1.392,0.213,0.614,-0.623,1.4078,1
0.027,-0.403,1.392,0.213,0.614,1.164,1
1.303,0.027,-0.403,1.392,0.213,1.2326,1
0.287,1.303,0.027,-0.403,1.392,1.309,-1
0.701,0.68,-0.189,-0.498,0.287,1.1498,-1
0.546,-0.562,0.701,0.68,-0.189,1.1188,-1
-1.747,0.546,-0.562,0.701,0.68,1.0484,1
0.359,-1.747,0.546,-0.562,0.701,1.013,-1
-0.151,0.359,-1.747,0.546,-0.562,1.0596,-1
-0.841,-0.151,0.359,-1.747,0.546,1.1583,-1
-0.623,-0.841,-0.151,0.359,-1.747,1.1072,-1
-1.334,-0.623,-0.841,-0.151,0.359,1.0755,1
1.183,-1.334,-0.623,-0.841,-0.151,1.0391,-1
-0.218,-0.865,1.183,-1.334,-0.623,1.1503,1
0.812,-0.218,-0.865,1.183,-1.334,1.1537,-1
-1.891,0.812,-0.218,-0.865,1.183,1.2572,-1
-1.736,-1.891,0.812,-0.218,-0.865,1.1122,-1
-1.851,-1.736,-1.891,0.812,-0.218,1.2085,-1
1.749,-0.556,-0.195,-1.851,-1.736,1.1308,-1
-0.766,1.749,-0.556,-0.195,-1.851,1.1141,-1
0.104,-1.431,-0.766,1.749,-0.556,1.2949,-1
-0.568,0.104,-1.431,-0.766,1.749,1.294,1
0.586,-0.568,0.104,-1.431,-0.766,0.9292,1
0.998,0.586,-0.568,0.104,-1.431,1.0918,1
0.645,0.998,0.586,-0.568,0.104,1.1322,1
0.226,0.645,0.998,0.586,-0.568,1.1141,-1
-4.318,-2.476,0.226,0.645,0.998,1.229,1
1.483,-4.318,-2.476,0.226,0.645,1.3609,-1
-2.584,1.483,-4.318,-2.476,0.226,1.3974,1
0.587,-2.584,1.483,-4.318,-2.476,1.2595,-1
-1.962,0.587,-2.584,1.483,-4.318,1.54356,1
-2.408,1.763,-1.962,0.587,-2.584,1.2359,-1
-1.792,-2.408,1.763,-1.962,0.587,1.3463,-1
-0.406,-1.792,-2.408,1.763,-1.962,1.72395,1
1.991,-0.406,-1.792,-2.408,1.763,1.3649,1
1.128,1.991,-0.406,-1.792,-2.408,1.114,1
2.557,1.128,1.991,-0.406,-1.792,1.3142,-1
-2.443,2.557,1.128,1.991,-0.406,1.3334,-1
-0.463,-2.443,2.557,1.128,1.991,1.2345,1
-1.246,1.078,-0.463,-2.443,2.557,1.2549,-1
-3.439,-1.246,1.078,-0.463,-2.443,1.3861,-1
-0.29,-3.439,-1.246,1.078,-0.463,1.42559,1
4.368,-0.29,-3.439,-1.246,1.078,1.368,-1
-1.998,4.368,-0.29,-3.439,-1.246,1.2668,1
0.812,-1.998,4.368,-0.29,-3.439,1.0628,1
2.707,0.812,-1.998,4.368,-0.29,1.3496,-1
-0.213,2.707,0.812,-1.998,4.368,1.2903,1
1.51,-0.213,2.707,0.812,-1.998,1.102,-1
-0.323,1.51,-0.213,2.707,0.812,0.9139,1
1.028,-0.323,1.51,-0.213,2.707,1.1096,1
1.254,3.889,1.028,-0.323,1.51,1.4868,-1
-0.854,1.254,3.889,1.028,-0.323,1.3387,-1
-1.216,-1.498,-0.854,1.254,3.889,1.2165,1
1.594,-1.216,-1.498,-0.854,1.254,1.2036,1
1.501,0.47,1.594,-1.216,-1.498,1.0913,-1
-0.287,1.501,0.47,1.594,-1.216,1.2668,1
1.359,-0.287,1.501,0.47,1.594,1.1813,1
-1.487,0.078,1.359,-0.287,1.501,1.1379,1
1.444,-1.487,0.078,1.359,-0.287,1.0821,-1
-0.245,1.444,-1.487,0.078,1.359,0.949,-1
-0.183,-0.245,1.444,-1.487,0.078,1.0063,-1
-0.449,-0.183,-0.245,1.444,-1.487,1.1324,-1
-0.029,-0.449,-0.183,-0.245,1.444,1.0567,-1
-0.758,-0.029,-0.449,-0.183,-0.245,0.9062,1
0.261,-0.758,-0.029,-0.449,-0.183,0.8582,1
2.845,0.042,0.261,-0.758,-0.029,1.4053,1
0.272,2.845,0.042,0.261,-0.758,1.3556,1
0.269,0.272,2.845,0.042,0.261,1.1308,1
1.615,0.269,0.272,2.845,0.042,1.1749,-1
-0.263,1.615,0.269,0.272,2.845,1.2604,-1
-1.553,-0.263,1.615,0.269,0.272,1.1348,1
0.32,-1.553,-0.263,1.615,0.269,1.1007,-1
-0.779,-1.182,0.32,-1.553,-0.263,1.026,-1
-1.566,-0.779,-1.182,0.32,-1.553,1.1586,1
0.62,-1.566,-0.779,-1.182,0.32,1.2266,1
0.386,0.62,-1.566,-0.779,-1.182,1.015,1
0.511,0.386,0.62,-1.566,-0.779,0.8365,1
1.299,0.511,0.386,0.62,-1.566,1.1168,-1
0.546,-1.055,1.299,0.511,0.386,1.0896,-1
-0.836,-0.94,0.546,-1.055,1.299,0.8701,1
0.116,-0.836,-0.94,0.546,-1.055,1.1365,-1
-1.135,0.116,-0.836,-0.94,0.546,1.0636,-1
-1.75,-1.135,0.116,-0.836,-0.94,1.2429,-1
-0.452,-1.75,-1.135,0.116,-0.836,1.63555,-1
-0.488,-0.452,-1.75,-1.135,0.116,1.1116,1
0.343,-0.488,-0.452,-1.75,-1.135,1.1849,1
0.871,0.343,-0.488,-0.452,-1.75,1.3501,1
1.136,0.871,0.343,-0.488,-0.452,1.54682,-1
-0.551,-0.945,1.136,0.871,0.343,1.0501,-1
-0.151,-0.551,-0.945,1.136,0.871,1.1989,-1
-0.468,-0.151,-0.551,-0.945,1.136,1.1621,1
1.249,-0.468,-0.151,-0.551,-0.945,1.3273,-1
-0.148,1.249,-0.468,-0.151,-0.551,1.83236,1
1.008,-0.148,1.249,-0.468,-0.151,1.1283,-1
-0.184,1.008,-0.148,1.249,-0.468,0.62211,-1
-1.232,-0.184,1.008,-0.148,1.249,0.9349,-1
-0.113,-1.44,0.688,-2.35,-1.232,1.3841,1
-1.088,0.624,2.369,-0.113,-1.44,1.0398,1
0.997,-1.088,0.624,2.369,-0.113,1.2381,-1
-0.554,0.997,-1.088,0.624,2.369,1.3163,1
0.605,-0.554,0.997,-1.088,0.624,1.3435,-1
-0.343,0.605,-0.554,0.997,-1.088,1.1709,-1
-1.637,-0.343,0.605,-0.554,0.997,0.9869,-1
-1.627,-1.637,-0.343,0.605,-0.554,1.1987,1
1.608,-1.627,-1.637,-0.343,0.605,1.2807,1
1.045,1.608,-1.627,-1.637,-0.343,1.2139,1
0.24,1.045,1.608,-1.627,-1.637,1.0153,-1
-0.108,0.24,1.045,1.608,-1.627,0.9091,1
0.557,-0.108,0.24,1.045,1.608,1.1292,1
0.388,0.557,-0.108,0.24,1.045,1.3403,1
-0.524,0.396,0.388,0.557,-0.108,0.9399,-1
-1.142,-0.524,0.396,0.388,0.557,0.8117,1
0.327,-1.142,-0.524,0.396,0.388,1.012,-1
-1.733,0.327,-1.142,-0.524,0.396,1.1246,-1
0.569,-0.008,-1.733,0.327,-1.142,0.9609,1
0.095,0.569,-0.008,-1.733,0.327,0.8376,-1
-0.383,0.095,0.569,-0.008,-1.733,0.9646,-1
-0.734,-0.383,0.095,0.569,-0.008,1.0656,1
0.309,-0.734,-0.383,0.095,0.569,1.0554,-1
-1.666,0.309,-0.734,-0.383,0.095,0.9743,1
0.812,-1.666,0.309,-0.734,-0.383,0.8971,-1
-1.208,0.812,-1.666,0.309,-0.734,1.0416,1
0.696,-1.208,0.812,-1.666,0.309,1.1108,-1
-0.276,0.696,-1.208,0.812,-1.666,0.9862,1
-0.483,1.965,-0.276,0.696,-1.208,0.8426,-1
-1.501,-0.483,1.965,-0.276,0.696,0.9871,-1
-1.115,-1.501,-0.483,1.965,-0.276,0.9637,-1
-1.7,-1.115,-1.501,-0.483,1.965,1.157,1
0.403,-1.7,-1.115,-1.501,-0.483,0.9201,-1
-0.056,0.403,-1.7,-1.115,-1.501,1.1783,-1
-0.106,-0.056,0.403,-1.7,-1.115,1.3845,-1
-1.864,-2.239,-0.106,-0.056,0.403,1.4243,1
0.623,-1.864,-2.239,-0.106,-0.056,1.2766,-1
-0.58,-4.922,0.623,-1.864,-2.239,1.65041,-1
-1.611,-0.58,-4.922,0.623,-1.864,2.12055,-1
-3.106,-1.611,-0.58,-4.922,0.623,2.0048,-1
-1.903,-3.106,-1.611,-0.58,-4.922,2.3173,1
0.879,3.898,-1.903,-3.106,-1.611,1.6138,-1
-0.517,0.879,3.898,-1.903,-3.106,1.5191,1
2.192,1.149,-0.517,0.879,3.898,1.6315,-1
-0.23,2.192,1.149,-0.517,0.879,1.1756,1
1.231,-0.23,2.192,1.149,-0.517,1.2898,1
1.993,1.231,-0.23,2.192,1.149,1.6506,-1
-0.247,1.993,1.231,-0.23,2.192,1.6091,1
0.164,-0.247,1.993,1.231,-0.23,1.3017,-1
-0.834,0.164,-0.247,1.993,1.231,0.979,-1
-0.536,-0.834,0.164,-0.247,1.993,1.2278,1
-0.527,1.521,2.294,-0.536,-0.834,1.3314,-1
-0.153,-0.527,1.521,2.294,-0.536,1.0247,1
0.694,-0.153,-0.527,1.521,2.294,1.2105,-1
-0.787,-1.863,0.694,-0.153,-0.527,1.2629,1
0.456,-0.787,-1.863,0.694,-0.153,1.2949,1
1.53,0.456,-0.787,-1.863,0.694,1.1057,-1
-0.47,1.53,0.456,-0.787,-1.863,1.3173,1
1.372,0.039,-0.47,1.53,0.456,1.3644,1
0.411,1.372,0.039,-0.47,1.53,1.2445,-1
-2.382,0.411,1.372,0.039,-0.47,1.1061,-1
-1.717,-2.382,0.411,1.372,0.039,1.2974,-1
-0.001,-1.717,-2.382,0.411,1.372,1.3525,1
2.295,-0.001,-1.717,-2.382,0.411,1.3174,1
0.286,2.295,-0.001,-1.717,-2.382,1.1219,1
1.439,0.286,2.295,-0.001,-1.717,1.2677,1
1.453,1.439,0.286,2.295,-0.001,1.356,-1
0.158,0.246,-0.273,1.453,1.439,1.0938,-1
-0.177,0.158,0.246,-0.273,1.453,0.9916,1
1.856,-0.177,0.158,0.246,-0.273,1.3701,1
0.186,1.856,-0.177,0.158,0.246,1.4434,1
-0.314,0.09,0.186,1.856,-0.177,1.3374,1
0.615,1.171,-0.493,-0.73,1.09,1.1298,-1
-0.684,0.615,1.171,-0.493,-0.73,1.288,-1
-1.825,-0.684,0.615,1.171,-0.493,1.4237,1
-0.066,1.035,-1.825,-0.684,0.615,1.3436,-1
1.319,-0.838,-0.066,1.035,-1.825,1.3185,1
2.232,1.319,-0.838,-0.066,1.035,1.7653,-1
-0.278,2.232,1.319,-0.838,-0.066,1.4879,-1
-0.753,-0.278,2.232,1.319,-0.838,1.2482,-1
-1.587,-0.753,-0.278,2.232,1.319,1.2187,-1
-0.278,-1.587,-0.753,-0.278,2.232,1.3672,1
0.027,-0.278,-1.587,-0.753,-0.278,1.4497,-1
0.331,-1.556,0.027,-0.278,-1.587,1.3068,1
0.755,1.003,0.331,-1.556,0.027,1.354,1
0.581,0.755,1.003,0.331,-1.556,1.4849,-1
-0.838,0.581,0.755,1.003,0.331,1.4905,1
-0.021,0.435,-0.838,0.581,0.755,0.43967,1
0.412,-0.021,0.435,-0.838,0.581,0.7911,1
0.675,0.412,-0.021,0.435,-0.838,0.8763,1
0.336,0.675,0.412,-0.021,0.435,0.9174,-1
-1.115,0.336,0.675,0.412,-0.021,0.9436,1
0.574,-1.115,0.336,0.675,0.412,1.171,1
-0.65,0.621,0.918,0.574,-1.115,1.3083,-1
-0.359,-0.65,0.621,0.918,0.574,1.2588,-1
-0.48,-0.359,-0.65,0.621,0.918,1.452,1
0.122,-0.48,-0.359,-0.65,0.621,1.299,-1
-0.947,0.122,-0.48,-0.359,-0.65,1.2119,-1
-0.628,-0.947,0.122,-0.48,-0.359,1.2864,1
0.683,-0.628,-0.947,0.122,-0.48,1.3869,-1
-1.625,0.683,-0.628,-0.947,0.122,1.4825,1
1.003,-1.625,0.683,-0.628,-0.947,1.3801,-1
-0.992,1.003,-1.625,0.683,-0.628,1.3333,-1
0.352,0.792,-0.733,-0.992,1.003,1.5528,1
0.1,0.352,0.792,-0.733,-0.992,1.3451,-1
-0.019,0.1,0.352,0.792,-0.733,1.1868,-1
-2.861,-0.019,0.1,0.352,0.792,1.812,1
1.175,-2.861,-0.019,0.1,0.352,2.0196,1
-0.708,1.493,1.175,-2.861,-0.019,1.3672,-1
-2.474,-0.708,1.493,1.175,-2.861,1.4376,-1
-0.404,-2.474,-0.708,1.493,1.175,1.7783,-1
-0.308,-0.597,-0.404,-2.474,-0.708,1.4416,1
-0.399,1.434,1.486,-0.308,-0.597,1.0942,1
0.994,-0.399,1.434,1.486,-0.308,1.2159,-1
-0.181,0.994,-0.399,1.434,1.486,1.2725,-1
-1.887,-1.102,-0.181,0.994,-0.399,1.1899,1
1.351,-1.887,-1.102,-0.181,0.994,1.4389,-1
-1.551,1.351,-1.887,-1.102,-0.181,1.3816,1
-0.005,1.798,0.822,-1.551,1.351,1.3092,1
0.046,-0.005,1.798,0.822,-1.551,1.3938,-1
-0.285,0.046,-0.005,1.798,0.822,1.3922,1
2.263,-0.285,0.046,-0.005,1.798,1.4565,1
1.949,2.263,-0.285,0.046,-0.005,1.5943,-1
-0.667,1.949,2.263,-0.285,0.046,1.5493,1
-0.45,1.451,-0.667,1.949,2.263,1.5174,1
0.585,-0.45,1.451,-0.667,1.949,1.412,1
0.339,0.585,-0.45,1.451,-0.667,1.2102,-1
-0.229,0.339,0.585,-0.45,1.451,1.3044,-1
-0.986,-0.229,0.339,0.585,-0.45,1.354,-1
-0.091,-0.986,-0.229,0.339,0.585,1.2088,1
1.138,-0.091,-0.986,-0.229,0.339,1.4939,-1
-0.052,1.138,-0.091,-0.986,-0.229,1.1695,1
0.407,-0.052,1.138,-0.091,-0.986,1.255,-1
-1.576,0.407,-0.052,1.138,-0.091,1.3049,1
0.151,-1.576,0.407,-0.052,1.138,1.3392,-1
-0.424,0.151,-1.576,0.407,-0.052,1.2433,-1
0.585,-1.465,-0.424,0.151,-1.576,1.2236,1
0.535,0.585,-1.465,-0.424,0.151,1.1801,1
-0.074,0.246,0.535,0.585,-1.465,1.0509,-1
-0.999,-0.853,-0.074,0.246,0.535,1.2197,1
0.084,-0.999,-0.853,-0.074,0.246,1.2838,-1
-0.321,0.084,-0.999,-0.853,-0.074,1.1102,1
0.228,-0.321,0.084,-0.999,-0.853,1.0953,-1
-0.666,0.228,-0.321,0.084,-0.999,1.2354,1
1.133,-0.666,0.228,-0.321,0.084,1.4479,-1
0.663,-2.369,1.133,-0.666,0.228,1.2821,-1
-0.204,2.342,-0.761,0.663,-2.369,1.3769,-1
0.062,-0.142,-0.204,2.342,-0.761,1.185,-1
-0.71,-0.62,-1.541,0.062,-0.142,1.3732,-1
-0.152,-0.71,-0.62,-1.541,0.062,1.5174,-1
-1.389,-0.152,-0.71,-0.62,-1.541,1.3742,-1
-1.01,-1.389,-0.152,-0.71,-0.62,1.3147,1
1.077,-1.01,-1.389,-0.152,-0.71,1.6286,1
0.886,1.077,-1.01,-1.389,-0.152,1.4514,-1
-0.175,0.886,1.077,-1.01,-1.389,1.364,-1
-1.026,-0.175,0.886,1.077,-1.01,1.2845,-1
-1.934,-1.026,-0.175,0.886,1.077,1.1226,-1
-0.302,-1.934,-1.026,-0.175,0.886,1.3547,1
3.75,-0.302,-1.934,-1.026,-0.175,1.502,-1
-1.455,3.75,-0.302,-1.934,-1.026,1.153,-1
-1.679,-1.455,3.75,-0.302,-1.934,1.1719,1
1.855,-1.679,-1.455,3.75,-0.302,1.0886,1
-0.566,2.114,1.855,-1.679,-1.455,1.4202,1
0.761,0.656,-0.566,2.114,1.855,1.2744,-1
-1.329,0.761,0.656,-0.566,2.114,0.9898,-1
-1.099,-1.329,0.761,0.656,-0.566,1.2005,1
0.569,-1.099,-1.329,0.761,0.656,1.1363,1
1.018,0.569,-1.099,-1.329,0.761,1.1929,-1
-1.209,1.018,0.569,-1.099,-1.329,0.8854,-1
-0.855,-1.209,1.018,0.569,-1.099,0.9965,-1
-0.641,-0.855,-1.209,1.018,0.569,1.0818,-1
-0.281,-0.641,-0.855,-1.209,1.018,1.2866,1
0.233,-0.281,-0.641,-0.855,-1.209,1.2773,-1
0.312,-0.157,-1.976,0.885,0.001,1.2262,-1
0.657,-1.663,0.312,-0.157,-1.976,1.79572,-1
-1.049,0.657,-1.663,0.312,-0.157,1.4055,-1
-0.227,-1.049,0.657,-1.663,0.312,1.549,1
2.869,-0.227,-1.049,0.657,-1.663,1.2366,1
0.094,2.869,-0.227,-1.049,0.657,1.1931,-1
-1.654,0.094,2.869,-0.227,-1.049,1.3361,-1
-1.704,-1.343,-1.654,0.094,2.869,1.4972,1
0.362,-1.704,-1.343,-1.654,0.094,1.5526,-1
-1.67,0.362,-1.704,-1.343,-1.654,1.5137,-1
-2.139,-0.083,1.758,-0.267,-1.67,1.4255,-1
-2.123,-2.139,-0.083,1.758,-0.267,1.823,1
0.622,-2.123,-2.139,-0.083,1.758,1.5278,1
3.673,0.622,-2.123,-2.139,-0.083,0.6994,-1
-1.218,3.673,0.622,-2.123,-2.139,1.1844,-1
-2.472,-1.218,3.673,0.622,-2.123,1.3489,-1
-3.396,-2.472,-1.218,3.673,0.622,1.8169,1
0.75,-3.396,-2.472,-1.218,3.673,2.08048,-1
-0.645,0.75,-3.396,-2.472,-1.218,1.6074,-1
-0.376,-0.645,0.75,-3.396,-2.472,2.5748,-1
-1.851,-0.376,-0.645,0.75,-3.396,1.8437,1
0.566,-1.851,-0.376,-0.645,0.75,2.5665,-1
-2.702,0.566,-1.851,-0.376,-0.645,1.7363,-1
-3.835,-2.702,0.566,-1.851,-0.376,2.6541,-1
-2.702,-3.291,-3.835,-2.702,0.566,2.44102,1
-0.563,5.733,-2.702,-3.291,-3.835,2.4247,1
1.688,-0.563,5.733,-2.702,-3.291,1.7961,1
5.408,1.688,-0.563,5.733,-2.702,1.77865,1
0.425,5.408,1.688,-0.563,5.733,1.82609,1
0.979,0.425,5.408,1.688,-0.563,2.04936,-1
-2.957,0.979,0.425,5.408,1.688,1.6722,-1
-2.308,-2.957,0.979,0.425,5.408,1.5381,-1
-3.43,-2.308,-2.957,0.979,0.425,1.4255,1
2.992,-3.43,-2.308,-2.957,0.979,1.5141,1
2.001,2.992,-3.43,-2.308,-2.957,1.4904,1
3.272,2.001,2.992,-3.43,-2.308,1.6467,1
0.351,3.272,2.001,2.992,-3.43,1.2949,-1
-2.168,-0.533,0.351,3.272,2.001,1.2977,1
4.005,-2.168,-0.533,0.351,3.272,1.5338,1
1.156,4.005,-2.168,-0.533,0.351,1.5051,-1
2.361,-0.159,1.156,4.005,-2.168,1.2998,-1
-1.396,2.361,-0.159,1.156,4.005,1.3085,1
1.273,-1.396,2.361,-0.159,1.156,1.3531,1
1.405,1.273,-1.396,2.361,-0.159,1.373,-1
-2.269,1.405,1.273,-1.396,2.361,1.0715,1
0.754,-2.269,1.405,1.273,-1.396,1.0169,-1
-1.385,0.754,-2.269,1.405,1.273,1.3077,-1
-0.008,-1.813,-1.385,0.754,-2.269,1.2711,-1
-0.188,-0.008,-1.813,-1.385,0.754,0.9299,-1
-4.154,-0.188,-0.008,-1.813,-1.385,1.2898,1
1.011,1.68,-1.595,1.752,-4.154,1.1306,1
0.733,1.011,1.68,-1.595,1.752,1.1864,-1
-0.014,0.733,1.011,1.68,-1.595,0.8466,-1
-2.478,-0.014,0.733,1.011,1.68,1.1916,1
0.327,-2.478,-0.014,0.733,1.011,1.271,1
-1.973,0.145,0.327,-2.478,-0.014,1.4486,-1
-0.465,-1.973,0.145,0.327,-2.478,1.501,-1
-3.006,-0.465,-1.973,0.145,0.327,1.524,1
0.245,-3.006,-0.465,-1.973,0.145,1.7928,-1
2.486,-1.728,-1.383,0.245,-3.006,1.6515,1
1.821,2.486,-1.728,-1.383,0.245,1.65,-1
-3.226,1.821,2.486,-1.728,-1.383,1.5073,-1
-1.461,-3.226,1.821,2.486,-1.728,1.72187,1
4.002,-1.461,-3.226,1.821,2.486,1.7809,-1
-2.359,4.002,-1.461,-3.226,1.821,1.6689,-1
-1.082,-2.359,4.002,-1.461,-3.226,1.6745,-1
-1.911,-2.243,-1.082,-2.359,4.002,1.5765,1
1.69,-1.911,-2.243,-1.082,-2.359,1.93843,-1
-2.729,1.69,-1.911,-2.243,-1.082,1.88503,1
3.497,-2.729,1.69,-1.911,-2.243,2.09023,1
3.906,3.497,-2.729,1.69,-1.911,1.85413,1
0.733,3.906,3.497,-2.729,1.69,1.2003,1
-2.411,4.734,0.733,3.906,3.497,1.585,1
2.23,-2.411,4.734,0.733,3.906,1.78039,1
0.59,2.23,-2.411,4.734,0.733,1.4231,1
1.733,0.59,2.23,-2.411,4.734,1.447,-1
-1.063,1.733,0.59,2.23,-2.411,1.5492,1
-1.522,0.672,-1.063,1.733,0.59,1.70057,1
1.717,-1.522,0.672,-1.063,1.733,1.3404,-1
-0.827,1.717,-1.522,0.672,-1.063,1.3826,-1
-0.908,-0.827,1.717,-1.522,0.672,1.5297,1
0.97,-0.908,-0.827,1.717,-1.522,1.4223,-1
-0.556,0.97,-0.908,-0.827,1.717,1.6413,1
1.716,-0.556,0.97,-0.908,-0.827,1.4504,1
0.82,1.716,-0.556,0.97,-0.908,1.6459,1
0.775,0.82,1.716,-0.556,0.97,1.3541,1
0.914,0.775,0.82,1.716,-0.556,1.674,-1
-2.285,0.914,0.775,0.82,1.716,1.4669,-1
-0.876,-2.285,0.914,0.775,0.82,1.4465,-1
-2.073,-0.876,-2.285,0.914,0.775,1.113,1
0.772,-2.073,-0.876,-2.285,0.914,1.3771,-1
-0.048,0.772,-2.073,-0.876,-2.285,1.4634,1
2.463,-0.048,0.772,-2.073,-0.876,1.519,1
-1.041,0.615,2.463,-0.048,0.772,1.2826,-1
-0.402,-1.041,0.615,2.463,-0.048,1.3374,1
1.941,-0.402,-1.041,0.615,2.463,1.5173,1
2.145,1.941,-0.402,-1.041,0.615,2.4151,-1
-2.097,0.249,-0.344,2.145,1.941,1.5436,1
2.799,-2.097,0.249,-0.344,2.145,1.3503,-1
-0.273,2.799,-2.097,0.249,-0.344,0.64346,-1
-0.19,-0.273,2.799,-2.097,0.249,1.612,-1
-1.475,-0.19,-0.273,2.799,-2.097,1.4884,-1
-0.344,-1.475,-0.19,-0.273,2.799,1.5889,-1
-1.202,-0.344,-1.475,-0.19,-0.273,1.2502,1
0.627,-1.202,-0.344,-1.475,-0.19,1.2411,-1
1.396,-2.218,0.627,-1.202,-0.344,1.2866,1
0.056,1.396,-2.218,0.627,-1.202,1.2851,-1
-1.342,-0.373,0.056,1.396,-2.218,1.3308,1
-0.814,2.352,-1.342,-0.373,0.056,1.2518,-1
-1.315,-0.814,2.352,-1.342,-0.373,1.4462,-1
-0.771,-1.315,-0.814,2.352,-1.342,1.3859,1
1.302,-0.771,-1.315,-0.814,2.352,1.78273,1
-0.547,0.181,1.302,-0.771,-1.315,0.45831,-1
-1.603,-0.315,-0.547,0.181,1.302,0.7584,1
0.456,-1.603,-0.315,-0.547,0.181,1.0578,1
0.049,0.456,-1.603,-0.315,-0.547,1.0885,1
3.32,0.049,0.456,-1.603,-0.315,1.2292,-1
-0.048,3.32,0.049,0.456,-1.603,1.1308,1
2.247,-0.048,3.32,0.049,0.456,1.4359,-1
-0.654,2.247,-0.048,3.32,0.049,1.5452,-1
-1.409,-0.654,2.247,-0.048,3.32,1.4676,1
-0.141,0,1.939,-1.409,-0.654,1.3963,1
0.583,-0.141,0,1.939,-1.409,1.3794,-1
-1.443,0.583,-0.141,0,1.939,1.4321,-1
-0.394,-1.443,0.583,-0.141,0,1.5346,-1
-1.402,-0.394,-1.443,0.583,-0.141,1.3582,-1
-1.043,-1.57,-1.402,-0.394,-1.443,1.5608,1
1.022,-1.043,-1.57,-1.402,-0.394,1.74455,-1
-2.923,1.022,-1.043,-1.57,-1.402,1.5748,-1
-1.616,-2.923,1.022,-1.043,-1.57,1.4359,1
1.305,-1.616,-2.923,1.022,-1.043,1.4591,1
0.678,1.305,-1.616,-2.923,1.022,1.5954,-1
-2.285,0.678,1.305,-1.616,-2.923,1.5103,1
1.313,-2.285,0.678,1.305,-1.616,1.57853,1
0.54,1.313,-2.285,0.678,1.305,1.2585,-1
-1.409,0.54,1.313,-2.285,0.678,1.4516,-1
-0.544,-1.409,0.54,1.313,-2.285,1.4508,-1
-1.009,-0.645,-0.544,-1.409,0.54,1.2768,1
0.757,-1.009,-0.645,-0.544,-1.409,1.2382,-1
-0.81,0.757,-1.009,-0.645,-0.544,1.307,-1
-1.269,-0.81,0.757,-1.009,-0.645,1.2605,-1
-0.16,-1.269,-0.81,0.757,-1.009,1.4893,1
2.143,-0.16,-1.269,-0.81,0.757,1.4046,1
1.95,2.143,-0.16,-1.269,-0.81,1.2508,-1
-0.71,1.95,2.143,-0.16,-1.269,1.0756,-1
1.322,-0.95,-0.71,1.95,2.143,1.3982,-1
-1.314,0.719,-1.838,1.322,-0.95,1.3744,1
1.176,-1.314,0.719,-1.838,1.322,1.2878,1
0.462,1.176,-1.314,0.719,-1.838,1.3733,-1
-0.754,0.462,1.176,-1.314,0.719,1.2089,-1
-1.536,-0.754,0.462,1.176,-1.314,1.2566,1
0.826,-0.934,0.956,-1.536,-0.754,1.3685,-1
-2.583,0.826,-0.934,0.956,-1.536,1.255,-1
0.165,3.446,0.432,-0.836,-2.583,1.5419,1
3.543,0.165,3.446,0.432,-0.836,1.70042,1
0.874,0.424,3.543,0.165,3.446,1.4734,1
0.189,0.874,0.424,3.543,0.165,1.4391,1
2.298,0.189,0.874,0.424,3.543,1.88371,-1
-3.523,2.298,0.189,0.874,0.424,1.293,1
-0.548,1.216,-3.523,2.298,0.189,1.3197,-1
-0.164,-0.548,1.216,-3.523,2.298,1.2329,-1
-0.578,-0.164,-0.548,1.216,-3.523,1.227,-1
-1.774,-0.578,-0.164,-0.548,1.216,1.4955,1
1.214,-1.774,-0.578,-0.164,-0.548,1.4616,1
2.612,1.214,-1.774,-0.578,-0.164,1.5898,-1
-0.505,2.612,1.214,-1.774,-0.578,1.3395,1
0.274,-0.505,2.612,1.214,-1.774,1.2412,1
0.123,0.274,-0.505,2.612,1.214,1.494,-1
-1.4,-0.186,0.123,0.274,-0.505,1.2937,1
-0.376,0.646,-1.4,-0.186,0.123,1.1416,1
1.95,-0.376,0.646,-1.4,-0.186,1.131,1
-1.224,0.63,1.95,-0.376,0.646,1.5876,1
-0.176,1.554,-1.224,0.63,1.95,1.1187,1
2.17,-0.176,1.554,-1.224,0.63,1.6312,1
0.839,2.17,-0.176,1.554,-1.224,1.6672,-1
-0.826,0.839,2.17,-0.176,1.554,1.6481,-1
1.783,-1.385,-0.826,0.839,2.17,1.273,1
0.328,1.783,-1.385,-0.826,0.839,1.5256,-1
-0.1,0.328,1.783,-1.385,-0.826,1.78851,-1
-0.068,-0.1,0.328,1.783,-1.385,1.3975,1
1.504,-0.068,-0.1,0.328,1.783,1.5543,-1
-0.38,1.504,-0.068,-0.1,0.328,1.4463,1
0.846,-0.38,1.504,-0.068,-0.1,1.6496,-1
-0.51,0.846,-0.38,1.504,-0.068,1.5319,-1
-1.006,-0.51,0.846,-0.38,1.504,1.3796,1
1.428,-1.006,-0.51,0.846,-0.38,1.3261,1
-0.297,1.253,1.428,-1.006,-0.51,1.4181,-1
-0.32,-0.297,1.253,1.428,-1.006,1.4018,1
0.787,-0.32,-0.297,1.253,1.428,1.5087,-1
-0.25,0.787,-0.32,-0.297,1.253,1.5055,-1
-2.492,-0.25,0.787,-0.32,-0.297,1.3757,-1
-0.113,-2.492,-0.25,0.787,-0.32,1.5053,1
0.401,-0.113,-2.492,-0.25,0.787,1.4578,1
0.915,0.401,-0.113,-2.492,-0.25,1.4485,1
0.145,0.915,0.401,-0.113,-2.492,1.201,1
1.957,0.145,0.915,0.401,-0.113,1.532,1
0.183,1.957,0.145,0.915,0.401,1.559,-1
-0.376,0.183,1.957,0.145,0.915,1.6858,1
0.354,1.469,-0.376,0.183,1.957,1.6625,1
1.511,0.472,0.354,1.469,-0.376,1.6187,1
0.395,1.511,0.472,0.354,1.469,1.6931,-1
-1.198,-0.24,0.395,1.511,0.472,1.307,1
0.913,-1.198,-0.24,0.395,1.511,1.2754,1
1.283,0.913,-1.198,-0.24,0.395,1.52,1
0.103,1.283,0.913,-1.198,-0.24,1.5531,-1
-0.991,0.103,1.283,0.913,-1.198,1.2716,1
2.238,-0.991,0.103,1.283,0.913,1.3459,1
0.091,2.238,-0.991,0.103,1.283,1.4797,-1
-0.155,0.091,2.238,-0.991,0.103,1.4889,-1
-1.524,-0.155,0.091,2.238,-0.991,1.5301,1
0.1,-1.524,-0.155,0.091,2.238,1.698,-1
-1.411,0.1,-1.524,-0.155,0.091,1.3981,1
0.184,-1.411,0.1,-1.524,-0.155,1.3883,-1
-0.827,0.184,-1.411,0.1,-1.524,1.4592,1
1.077,-0.827,0.184,-1.411,0.1,1.3874,-1
-0.974,1.077,-0.827,0.184,-1.411,1.2678,-1
-0.176,-0.974,1.077,-0.827,0.184,1.5872,1
0.802,-0.176,-0.974,1.077,-0.827,1.4602,1
1.164,0.802,-0.176,-0.974,1.077,1.5193,-1
-0.81,1.164,0.802,-0.176,-0.974,0.7759,1
1.899,-0.81,1.164,0.802,-0.176,1.4291,1
0.34,1.899,-0.81,1.164,0.802,1.5657,-1
-0.559,0.34,1.899,-0.81,1.164,1.618,-1
-1.348,-0.559,0.34,1.899,-0.81,1.4657,1
0.955,-1.348,-0.559,0.34,1.899,1.2127,1
0.573,0.955,-1.348,-0.559,0.34,1.4489,-1
-0.343,0.573,0.955,-1.348,-0.559,1.5186,-1
-1.243,-0.633,-0.343,0.573,0.955,1.6614,1
1.181,-1.243,-0.633,-0.343,0.573,1.3652,-1
-1.462,1.181,-1.243,-0.633,-0.343,1.2542,1
0.051,0.951,-1.462,1.181,-1.243,1.3627,-1
-0.709,0.051,0.951,-1.462,1.181,1.559,1
1.74,-0.709,0.051,0.951,-1.462,1.3975,-1
-0.216,1.74,-0.709,0.051,0.951,1.3286,-1
-0.727,-0.216,1.74,-0.709,0.051,1.5089,-1
-0.181,-0.727,-0.216,1.74,-0.709,1.3919,1
0.286,-0.181,-0.727,-0.216,1.74,1.608,-1
-1.026,0.286,-0.181,-0.727,-0.216,1.3906,1
0.272,-1.026,0.286,-0.181,-0.727,1.3187,-1
-1.766,0.272,-1.026,0.286,-0.181,1.3517,1
0.168,-1.766,0.272,-1.026,0.286,1.491,1
0.728,0.168,-1.766,0.272,-1.026,1.3893,1
0.356,0.728,0.168,-1.766,0.272,1.0866,1
0.307,0.356,0.728,0.168,-1.766,1.0222,1
0.995,0.307,0.356,0.728,0.168,1.1323,-1
-0.638,0.995,0.307,0.356,0.728,1.2088,1
0.659,-0.638,0.995,0.307,0.356,1.1868,1
0.916,0.016,0.659,-0.638,0.995,1.1276,1
0.261,0.916,0.016,0.659,-0.638,1.3006,-1
-0.205,0.261,0.916,0.016,0.659,1.2108,1
0.297,-0.205,0.261,0.916,0.016,1.4071,-1
0.065,-1.018,0.297,-0.205,0.261,0.9717,1
0.006,0.304,0.065,-1.018,0.297,1.0514,1
0.607,0.006,0.304,0.065,-1.018,1.1652,1
0.516,0.607,0.006,0.304,0.065,0.9451,1
1.387,0.516,0.607,0.006,0.304,1.4705,1
0.419,1.387,0.516,0.607,0.006,1.6756,1
0.166,0.419,1.387,0.516,0.607,1.4539,-1
1.004,-0.64,0.166,0.419,1.387,1.2993,-1
-0.821,1.004,-0.64,0.166,0.419,1.4148,-1
-1.197,-0.821,1.004,-0.64,0.166,1.5821,1
0.544,-1.197,-0.821,1.004,-0.64,1.3359,1
0.217,0.544,-1.197,-0.821,1.004,1.2367,-1
1.43,-0.375,0.217,0.544,-1.197,1.4032,-1
-0.325,1.43,-0.375,0.217,0.544,1.33821,1
-1.301,-0.316,1.327,-0.325,1.43,1.2788,1
0.607,-1.301,-0.316,1.327,-0.325,1.3017,-1
-1.91,0.607,-1.301,-0.316,1.327,1.556,-1
-0.605,-1.91,0.607,-1.301,-0.316,1.53,-1
-0.64,-0.605,-1.91,0.607,-1.301,1.4725,1
0.976,-0.64,-0.605,-1.91,0.607,1.3665,-1
-1.054,0.976,-0.64,-0.605,-1.91,1.5905,1
2.234,-1.054,0.976,-0.64,-0.605,1.5663,1
0.198,2.234,-1.054,0.976,-0.64,1.2693,1
0.942,0.198,2.234,-1.054,0.976,1.5705,1
0.474,0.437,0.942,0.198,2.234,1.2795,-1
0.479,-0.526,0.474,0.437,0.942,1.5787,-1
0.702,-0.065,0.479,-0.526,0.474,1.0405,1
0.395,0.702,-0.065,0.479,-0.526,1.2719,-1
-0.259,0.395,0.702,-0.065,0.479,1.5211,1
0.316,-0.259,0.395,0.702,-0.065,1.4177,-1
-1.024,0.316,-0.259,0.395,0.702,1.352,1
0.516,-1.024,0.316,-0.259,0.395,1.1726,1
0.129,0.516,-1.024,0.316,-0.259,1.498,-1
-1.498,0.129,0.516,-1.024,0.316,1.6472,1
0.331,-1.498,0.129,0.516,-1.024,1.6043,-1
-0.47,0.331,-1.498,0.129,0.516,1.4203,1
1.519,0.216,-0.47,0.331,-1.498,1.6292,1
-0.112,0.126,1.519,0.216,-0.47,1.6297,1
0.791,0.36,-0.112,0.126,1.519,1.3782,-1
-0.545,0.791,0.36,-0.112,0.126,1.4176,-1
-0.137,-0.545,0.791,0.36,-0.112,1.4018,1
0.593,-0.137,-0.545,0.791,0.36,1.4539,-1
-0.457,0.593,-0.137,-0.545,0.791,1.4405,-1
-0.579,-0.457,0.593,-0.137,-0.545,1.2436,-1
-0.052,-0.579,-0.457,0.593,-0.137,1.1625,1
1.143,-0.052,-0.579,-0.457,0.593,1.3493,-1
-0.011,1.143,-0.052,-0.579,-0.457,1.383,-1
-0.762,-0.011,1.143,-0.052,-0.579,1.3561,-1
-0.64,-0.762,-0.011,1.143,-0.052,1.3743,-1
-0.908,-0.64,-0.762,-0.011,1.143,1.3543,1
0.802,-0.908,-0.64,-0.762,-0.011,1.3262,-1
-0.843,0.802,-0.908,-0.64,-0.762,1.3267,1
0.158,-0.843,0.802,-0.908,-0.64,1.2738,1
1.623,0.158,-0.843,0.802,-0.908,1.3028,1
0.172,1.623,0.158,-0.843,0.802,1.3337,1
0.433,0.172,1.623,0.158,-0.843,1.0977,-1
1.126,-0.024,0.433,0.172,1.623,1.375,-1
-0.327,1.126,-0.024,0.433,0.172,1.3832,-1
-0.177,-0.327,1.126,-0.024,0.433,1.4417,1
0.469,-0.177,-0.327,1.126,-0.024,1.4631,-1
-0.768,0.469,-0.177,-0.327,1.126,1.2659,1
-0.853,0.735,-0.768,0.469,-0.177,1.4655,-1
-0.107,-0.853,0.735,-0.768,0.469,1.444,1
1.148,-0.107,-0.853,0.735,-0.768,1.4411,1
0.274,1.148,-0.107,-0.853,0.735,1.2231,-1
0.664,-0.568,0.274,1.148,-0.107,1.5479,1
-0.048,1.18,0.126,0.664,-0.568,1.6573,1
0.393,-0.048,1.18,0.126,0.664,1.2517,1
0.282,0.393,-0.048,1.18,0.126,1.1453,-1
-0.181,0.282,0.393,-0.048,1.18,0.51806,1
0.169,-0.181,0.282,0.393,-0.048,0.35607,1
0.014,1.24,0.169,-0.181,0.282,1.0126,1
0.205,0.014,1.24,0.169,-0.181,1.0275,-1
1.24,-0.309,0.205,0.014,1.24,1.5782,1
0.129,1.24,-0.309,0.205,0.014,1.4945,1
0.237,0.129,1.24,-0.309,0.205,1.7049,1
-0.889,0.496,0.237,0.129,1.24,1.7207,1
0.479,-0.889,0.496,0.237,0.129,1.5102,-1
-0.533,0.479,-0.889,0.496,0.237,1.5959,1
0.829,-0.533,0.479,-0.889,0.496,1.5146,1
0.687,0.135,0.829,-0.533,0.479,1.7211,-1
-0.093,0.687,0.135,0.829,-0.533,1.6982,1
0.777,-0.093,0.687,0.135,0.829,1.7576,-1
-0.321,0.777,-0.093,0.687,0.135,1.6937,-1
-0.98,1.211,-0.209,-0.321,0.777,1.6731,-1
-1.361,-0.98,1.211,-0.209,-0.321,1.842,1
0.499,-1.361,-0.98,1.211,-0.209,1.9219,-1
-0.263,0.499,-1.361,-0.98,1.211,1.635,1
0.365,-0.263,0.499,-1.361,-0.98,1.5992,1
0.068,0.365,-0.263,0.499,-1.361,1.4769,-1
-0.837,0.068,0.365,-0.263,0.499,1.6348,1
0.184,-0.837,0.068,0.365,-0.263,1.5666,1
1.256,0.184,-0.837,0.068,0.365,1.4776,-1
-0.258,1.256,0.184,-0.837,0.068,1.3035,1
0.503,-0.258,1.256,0.184,-0.837,1.4039,1
1.067,0.503,-0.258,1.256,0.184,1.6993,-1
-0.488,1.067,0.503,-0.258,1.256,1.4643,-1
-0.547,-0.488,1.067,0.503,-0.258,1.3292,1
0.976,-0.547,-0.488,1.067,0.503,1.3965,-1
-0.257,-0.413,-0.447,0.976,-0.547,1.4796,-1
-0.167,-0.273,-0.257,-0.413,-0.447,1.5436,1
0.402,-0.167,-0.273,-0.257,-0.413,1.3607,1
0.003,0.108,0.402,-0.167,-0.273,1.5404,1
0.963,0.003,0.108,0.402,-0.167,1.4971,-1
-0.594,0.963,0.003,0.108,0.402,1.476,1
-0.835,0.172,0.334,0.168,-0.594,1.2544,-1
-0.577,-0.835,0.172,0.334,0.168,1.4994,-1
-1.463,-0.577,-0.835,0.172,0.334,1.6484,-1
-1.435,1.246,-1.522,-1.463,-0.577,1.6006,1
0.562,-1.435,1.246,-1.522,-1.463,1.5007,1
1.175,0.562,-1.435,1.246,-1.522,1.4901,-1
-0.127,1.175,0.562,-1.435,1.246,1.3692,-1
-1.117,-0.127,1.175,0.562,-1.435,1.4574,-1
-1.296,-1.117,-0.127,1.175,0.562,1.4523,-1
-0.132,-1.296,-1.117,-0.127,1.175,1.4582,-1
1.637,-0.239,-0.132,-1.296,-1.117,1.4717,-1
-0.102,1.637,-0.239,-0.132,-1.296,1.3191,1
1.3,-0.102,1.637,-0.239,-0.132,1.4055,1
0.404,1.3,-0.102,1.637,-0.239,1.3324,-1
-0.07,0.404,1.3,-0.102,1.637,1.5607,1
0.529,-0.07,0.404,1.3,-0.102,1.5607,1
0.767,0.851,0.529,-0.07,0.404,1.4137,-1
-0.209,0.767,0.851,0.529,-0.07,1.3977,-1
-0.665,-0.209,0.767,0.851,0.529,1.4588,-1
-1.376,0.516,-0.106,-0.665,-0.209,1.4232,-1
-0.112,-1.376,0.516,-0.106,-0.665,1.5477,1
0.059,-0.112,-1.376,0.516,-0.106,1.5687,1
0.511,0.059,-0.112,-1.376,0.516,1.4878,1
0.107,0.511,0.059,-0.112,-1.376,1.1949,-1
-1.556,0.107,0.511,0.059,-0.112,1.5085,1
0.531,-1.556,0.107,0.511,0.059,1.7381,1
1.409,0.531,-1.556,0.107,0.511,1.8267,1
0.059,1.409,0.531,-1.556,0.107,1.3961,-1
-0.445,0.059,1.409,0.531,-1.556,1.2906,1
-1.379,0.227,-0.445,0.059,1.409,1.8556,-1
-0.759,-1.379,0.227,-0.445,0.059,1.859,-1
-0.592,-0.759,-1.379,0.227,-0.445,1.6347,1
0.92,-0.592,-0.759,-1.379,0.227,1.5716,1
0.184,0.92,-0.592,-0.759,-1.379,1.6621,1
0.177,0.184,0.92,-0.592,-0.759,1.469,-1
-0.672,0.177,0.184,0.92,-0.592,1.5093,-1
-1.373,-0.672,0.177,0.184,0.92,1.6536,-1
-1.054,-1.373,-0.672,0.177,0.184,1.9184,1
0.766,-1.054,-1.373,-0.672,0.177,1.5338,1
0.167,0.766,-1.054,-1.373,-0.672,1.6976,-1
-0.077,0.167,0.766,-1.054,-1.373,1.4111,-1
-1.059,-0.067,-0.077,0.167,0.766,1.4301,1
0.682,-1.059,-0.067,-0.077,0.167,1.353,-1
-0.257,0.682,-1.059,-0.067,-0.077,1.5486,1
0.047,-0.257,0.682,-1.059,-0.067,1.211,1
0.401,0.047,-0.257,0.682,-1.059,1.2586,1
0.17,1.61,0.169,0.401,0.047,1.3694,1
0.569,0.17,1.61,0.169,0.401,1.4475,-1
-0.054,0.569,0.17,1.61,0.169,1.1726,1
0.046,-0.054,0.569,0.17,1.61,1.238,1
0.338,0.046,-0.054,0.569,0.17,1.2517,-1
-0.742,0.338,0.046,-0.054,0.569,1.2324,1
0.525,-0.742,0.338,0.046,-0.054,1.1153,1
1.596,0.525,-0.742,0.338,0.046,1.2118,1
0.154,1.596,0.525,-0.742,0.338,1.1903,-1
-0.95,0.154,1.596,0.525,-0.742,1.2768,1
0.454,-0.95,0.154,1.596,0.525,1.1606,-1
0.597,-0.984,0.454,-0.95,0.154,1.3459,1
-0.133,0.137,0.597,-0.984,0.454,1.2967,1
-0.416,0.262,-0.133,0.137,0.597,1.1239,1
0.364,-0.416,0.262,-0.133,0.137,1.3823,1
0.851,0.364,-0.416,0.262,-0.133,1.4442,-1
0.251,-0.095,-0.545,-0.298,0.851,1.375,1
0.408,0.251,-0.095,-0.545,-0.298,1.4738,-1
-1.043,0.408,0.251,-0.095,-0.545,1.4957,-1
-0.815,-0.315,-1.043,0.408,0.251,1.2833,1
0.19,-0.815,-0.315,-1.043,0.408,1.3286,-1
-0.824,0.19,-0.815,-0.315,-1.043,1.4011,1
0.334,-0.824,0.19,-0.815,-0.315,1.1863,1
0.138,0.334,-0.824,0.19,-0.815,1.1146,1
0.071,0.138,0.334,-0.824,0.19,1.1997,-1
-0.329,0.071,0.138,0.334,-0.824,1.462,-1
-0.43,-0.329,0.071,0.138,0.334,1.4087,-1
-0.479,-0.43,-0.329,0.071,0.138,1.4503,-1
-0.044,-0.479,-0.43,-0.329,0.071,1.3199,1
0.706,-0.044,-0.479,-0.43,-0.329,1.4458,-1
-1.334,0.706,-0.044,-0.479,-0.43,1.6795,1
0.271,-1.334,0.706,-0.044,-0.479,1.6808,-1
-0.97,0.271,-1.334,0.706,-0.044,1.3375,-1
-0.196,-0.97,0.271,-1.334,0.706,1.4134,1
0.993,-0.196,-0.97,0.271,-1.334,1.6108,1
0.054,0.993,-0.196,-0.97,0.271,1.5543,1
0.457,0.054,0.993,-0.196,-0.97,1.5301,1
0.117,0.457,0.054,0.993,-0.196,1.2982,1
-0.626,0.445,0.117,0.457,0.054,1.3383,-1
-0.096,-0.626,0.445,0.117,0.457,1.3692,-1
-1.632,-0.096,-0.626,0.445,0.117,1.3974,-1
-1.548,-1.632,-0.096,-0.626,0.445,1.521,1
0.117,-1.548,-1.632,-0.096,-0.626,1.086,1
1.297,0.117,-1.548,-1.632,-0.096,1.2456,-1
-0.301,1.297,0.117,-1.548,-1.632,1.4104,-1
-1.168,-0.301,1.297,0.117,-1.548,1.4051,1
1.366,0.148,-1.168,-0.301,1.297,1.2062,1
0.22,1.366,0.148,-1.168,-0.301,1.2678,1
1.244,0.22,1.366,0.148,-1.168,1.2825,-1
-0.36,1.244,0.22,1.366,0.148,1.2494,1
0.652,-0.36,1.244,0.22,1.366,1.1999,-1
0.047,-0.243,0.652,-0.36,1.244,1.0925,1
0.8,0.047,-0.243,0.652,-0.36,1.1922,1
0.243,0.012,0.8,0.047,-0.243,0.8454,-1
-0.778,0.243,0.012,0.8,0.047,0.8431,1
0.463,-0.778,0.243,0.012,0.8,1.1382,1
1.121,0.151,0.463,-0.778,0.243,1.1184,-1
-0.418,1.121,0.151,0.463,-0.778,0.92417,1
-0.449,0.689,-0.418,1.121,0.151,1.2463,1
0.189,-0.449,0.689,-0.418,1.121,1.3713,1
0.495,0.189,-0.449,0.689,-0.418,1.2612,1
0.169,0.495,0.189,-0.449,0.689,1.2998,1
0.223,0.169,0.495,0.189,-0.449,1.2045,-1
-0.705,0.223,0.169,0.495,0.189,1.256,1
0.279,-0.705,0.223,0.169,0.495,1.1139,1
0.633,-0.563,0.449,0.279,-0.705,1.325,-1
-1.394,0.633,-0.563,0.449,0.279,1.3799,-1
-0.467,-1.394,0.633,-0.563,0.449,1.2863,1
0.593,-0.594,0.158,-0.467,-1.394,1.3966,1
0.427,0.593,-0.594,0.158,-0.467,1.4029,-1
-0.02,0.427,0.593,-0.594,0.158,1.748,1
1.518,-0.02,0.427,0.593,-0.594,1.5822,1
0.324,1.518,-0.02,0.427,0.593,1.534,-1
-0.061,0.324,1.518,-0.02,0.427,1.4184,1
0.667,-0.061,0.324,1.518,-0.02,1.4167,-1
-0.998,0.667,-0.061,0.324,1.518,1.4475,-1
-0.753,-0.998,0.667,-0.061,0.324,1.2916,1
-0.227,0.201,-0.753,-0.998,0.667,1.3201,-1
-0.73,-0.227,0.201,-0.753,-0.998,1.5462,-1
-0.93,-0.73,-0.227,0.201,-0.753,1.4895,1
0.445,-0.93,-0.73,-0.227,0.201,1.6451,1
0.525,0.445,-0.93,-0.73,-0.227,1.3733,-1
0.039,-0.969,0.525,0.445,-0.93,1.6857,1
0.256,0.039,-0.969,0.525,0.445,1.673,-1
-0.972,0.256,0.039,-0.969,0.525,1.4696,-1
-0.086,-0.972,0.256,0.039,-0.969,1.3805,1
1.488,-0.086,-0.972,0.256,0.039,1.6854,1
1.288,1.488,-0.086,-0.972,0.256,1.7419,1
0.181,1.288,1.488,-0.086,-0.972,1.6282,1
0.245,0.181,1.288,1.488,-0.086,1.5008,1
0.027,0.245,0.181,1.288,1.488,1.3959,1
0.004,0.027,0.245,0.181,1.288,1.659,1
1.118,0.004,0.027,0.245,0.181,1.7675,1
1.616,1.118,0.004,0.027,0.245,1.7827,1
0.387,1.616,1.118,0.004,0.027,1.7244,-1
-0.11,0.387,1.616,1.118,0.004,1.3587,-1
-0.07,-0.11,0.387,1.616,1.118,1.4508,-1
-0.101,-0.07,-0.11,0.387,1.616,1.5043,1
0.909,-0.101,-0.07,-0.11,0.387,1.393,1
0.911,0.909,-0.101,-0.07,-0.11,1.5316,-1
-0.03,0.911,0.909,-0.101,-0.07,1.4533,-1
-0.708,-0.03,0.911,0.909,-0.101,1.3644,1
0.554,-0.708,-0.03,0.911,0.909,1.6842,1
0.136,0.554,-0.708,-0.03,0.911,1.4567,-1
-1.116,0.136,0.554,-0.708,-0.03,1.5266,1
0.59,-1.116,0.136,0.554,-0.708,1.3927,-1
-0.025,0.59,-1.116,0.136,0.554,1.4283,1
0.41,-0.025,0.59,-1.116,0.136,1.1496,1
0.075,0.41,-0.025,0.59,-1.116,0.50458,-1
1.495,-0.403,-0.345,0.075,0.41,1.7728,-1
-0.087,1.495,-0.403,-0.345,0.075,1.7749,1
-0.077,0.071,-0.087,1.495,-0.403,1.3544,-1
-1.107,-0.077,0.071,-0.087,1.495,1.5339,1
0.488,-1.107,-0.077,0.071,-0.087,1.5252,1
0.544,0.488,-1.107,-0.077,0.071,1.6247,-1
-0.104,0.544,0.488,-1.107,-0.077,1.4437,1
0.899,-0.104,0.544,0.488,-1.107,1.4361,1
0.392,0.899,-0.104,0.544,0.488,1.5444,1
0.194,0.392,0.899,-0.104,0.544,1.6958,-1
-0.749,-0.208,0.194,0.392,0.899,2.335,1
0.038,-0.749,-0.208,0.194,0.392,1.4228,1
0.342,0.904,0.038,-0.749,-0.208,1.3908,1
0.046,0.342,0.904,0.038,-0.749,0.9561,-1
0.008,-0.007,0.715,-0.431,0.046,0.8298,-1
-0.134,0.008,-0.007,0.715,-0.431,0.7869,-1
-0.812,-0.134,0.008,-0.007,0.715,1.5108,-1
-1.167,-0.812,-0.134,0.008,-0.007,1.721,-1
0.351,-0.363,-1.167,-0.812,-0.134,1.5691,-1
-0.143,0.351,-0.363,-1.167,-0.812,1.4779,1
0.342,-0.143,0.351,-0.363,-1.167,1.4904,-1
0.398,-0.61,0.342,-0.143,0.351,1.5621,-1
-0.863,0.398,-0.61,0.342,-0.143,1.5103,1
0.967,0.6,-0.863,0.398,-0.61,1.5968,-1
-0.949,0.967,0.6,-0.863,0.398,1.4987,-1
-0.778,-0.949,0.967,0.6,-0.863,1.692,-1
-0.353,-0.641,-0.778,-0.949,0.967,1.4946,1
0.4,-0.353,-0.641,-0.778,-0.949,1.6104,1
0.484,0.4,-0.353,-0.641,-0.778,1.6359,1
0.041,0.484,0.4,-0.353,-0.641,1.6006,-1
-0.272,0.041,0.484,0.4,-0.353,1.6418,1
0.846,-0.272,0.041,0.484,0.4,1.6798,1
0.318,0.689,0.846,-0.272,0.041,1.56174,-1
-0.277,0.318,0.689,0.846,-0.272,1.55446,1
1.104,-0.277,0.318,0.689,0.846,1.64816,-1
-0.109,1.104,-0.277,0.318,0.689,1.34727,1
0.048,-0.109,1.104,-0.277,0.318,1.41617,-1
-0.858,0.048,-0.109,1.104,-0.277,1.51104,1
0.421,-0.858,0.048,-0.109,1.104,1.49167,1
0.693,0.421,-0.858,0.048,-0.109,1.5623,1
0.07,0.693,0.421,-0.858,0.048,1.29018,1
0.33,0.07,0.693,0.421,-0.858,1.52708,1
0.018,0.33,0.07,0.693,0.421,1.4901,-1
0.07,-0.792,0.018,0.33,0.07,1.5512,-1
-1.451,0.07,-0.792,0.018,0.33,1.74494,1
0.931,0.789,0.561,-1.451,0.07,1.52368,-1
0.566,-0.641,0.931,0.789,0.561,1.70806,-1
-0.027,0.566,-0.641,0.931,0.789,1.56854,1
0.032,-0.027,0.566,-0.641,0.931,1.61624,1
0.962,0.032,-0.027,0.566,-0.641,1.63682,1
0.261,0.962,0.032,-0.027,0.566,1.48883,-1
-1.019,-0.48,0.261,0.962,0.032,1.70497,1
-0.758,0.186,-1.019,-0.48,0.261,1.44982,1
0.562,-0.758,0.186,-1.019,-0.48,1.43743,-1
-0.752,0.562,-0.758,0.186,-1.019,1.51353,-1
-0.808,-0.752,0.562,-0.758,0.186,1.65319,1
0.18,-0.808,-0.752,0.562,-0.758,1.58193,-1
-0.047,0.18,-0.808,-0.752,0.562,2.34437,-1
-0.493,-0.047,0.18,-0.808,-0.752,1.81944,-1
-1.02,-0.493,-0.047,0.18,-0.808,2.11447,1
0.07,-1.02,-0.493,-0.047,0.18,2.24687,-1
-0.095,0.07,-1.02,-0.493,-0.047,1.72172,1
0.244,-0.095,0.07,-1.02,-0.493,1.74622,-1
1.377,-0.76,0.244,-0.095,0.07,2.09711,-1
-0.65,-0.069,1.377,-0.76,0.244,2.16869,1
0.273,-0.65,-0.069,1.377,-0.76,2.07977,1
0.227,0.448,0.273,-0.65,-0.069,1.7974,1
0.597,0.227,0.448,0.273,-0.65,1.90062,-1
-0.834,0.597,0.227,0.448,0.273,1.66133,1
0.001,-0.834,0.597,0.227,0.448,1.52531,1
0.555,0.001,-0.834,0.597,0.227,1.97983,-1
-1.176,0.555,0.001,-0.834,0.597,2.04974,-1
-1,-1.176,0.555,0.001,-0.834,2.35504,-1
-1.672,-1,-1.176,0.555,0.001,2.68996,1
0.294,-1.672,-1,-1.176,0.555,2.18067,1
-1.325,0.593,0.294,-1.672,-1,2.21705,1
1.974,-1.325,0.593,0.294,-1.672,2.30856,-1
0.866,-0.675,1.974,-1.325,0.593,1.79503,-1
-0.884,0.866,-0.675,1.974,-1.325,1.95974,1
0.395,-0.884,0.866,-0.675,1.974,2.15152,-1
-1.138,0.395,-0.884,0.866,-0.675,2.18227,1
1.192,-1.138,0.395,-0.884,0.866,2.36236,1
0.459,1.192,-1.138,0.395,-0.884,1.98004,-1
-0.257,1.247,-0.085,0.459,1.192,1.9971,-1
-0.109,-0.257,1.247,-0.085,0.459,1.7072,1
0.639,-0.109,-0.257,1.247,-0.085,1.85702,-1
-1.071,0.639,-0.109,-0.257,1.247,1.88966,1
0.419,-1.071,0.639,-0.109,-0.257,1.83497,-1
-1.003,0.419,-1.071,0.639,-0.109,1.99529,-1
-0.458,-1.003,0.419,-1.071,0.639,2.18859,1
1.009,-0.458,-1.003,0.419,-1.071,1.85686,1
0.466,1.002,0.696,1.009,-0.458,1.77586,-1
-0.151,0.466,1.002,0.696,1.009,1.63175,1
0.385,-0.151,0.466,1.002,0.696,1.68117,1
0.018,0.385,-0.151,0.466,1.002,1.681,-1
-0.34,0.018,0.385,-0.151,0.466,1.74218,1
0.097,0.639,-0.34,0.018,0.385,1.38143,-1
-0.607,0.097,0.639,-0.34,0.018,1.84068,1
0.9,-0.607,0.097,0.639,-0.34,1.8101,1
0.172,0.9,-0.607,0.097,0.639,1.81379,-1
-0.687,0.172,0.9,-0.607,0.097,1.62752,1
0.125,-0.687,0.172,0.9,-0.607,1.54712,-1
-0.021,0.125,-0.687,0.172,0.9,1.85137,-1
-0.216,-0.021,0.125,-0.687,0.172,1.71549,1
0.524,-0.216,-0.021,0.125,-0.687,1.82412,-1
-0.235,0.524,-0.216,-0.021,0.125,1.66418,1
0.257,0.226,-0.235,0.524,-0.216,1.69815,1
0.222,0.257,0.226,-0.235,0.524,1.84044,1
0.363,0.222,0.257,0.226,-0.235,1.77604,1
0.495,0.363,0.222,0.257,0.226,2.40737,-1
-0.071,0.495,0.363,0.222,0.257,1.71453,-1
-0.205,-0.071,0.495,0.363,0.222,1.7207,1
0.022,-0.205,-0.071,0.495,0.363,1.82325,-1
-1.083,0.022,-0.205,-0.071,0.495,2.02992,-1
-0.763,-1.083,0.022,-0.205,-0.071,2.4188,-1
-0.074,-0.763,-1.083,0.022,-0.205,1.73862,1
0.914,-0.074,-0.763,-1.083,0.022,1.77241,-1
-0.143,0.914,-0.074,-0.763,-1.083,1.76928,-1
-0.71,-0.143,0.914,-0.074,-0.763,2.10949,1
0.883,0.261,-0.71,-0.143,0.914,1.80582,-1
-0.834,0.883,0.261,-0.71,-0.143,1.88347,1
0.245,-0.834,0.883,0.261,-0.71,1.95244,1
1.168,0.245,-0.834,0.883,0.261,1.90081,1
0.625,1.168,0.245,-0.834,0.883,1.8463,1
0.088,0.227,0.625,1.168,0.245,1.8125,1
0.262,0.088,0.227,0.625,1.168,2.04871,1
-0.553,0.116,0.262,0.088,0.227,1.5821,1
0.476,0.673,-0.553,0.116,0.262,2.06334,-1
-0.661,0.476,0.673,-0.553,0.116,2.12984,1
0.541,-0.661,0.476,0.673,-0.553,1.76699,-1
0.173,-0.377,0.541,-0.661,0.476,1.93418,1
0.457,0.173,-0.377,0.541,-0.661,1.9458,1
-0.767,0.56,0.457,0.173,-0.377,1.7896,1
0.095,-0.767,0.56,0.457,0.173,1.71687,1
0.074,0.71,0.095,-0.767,0.56,1.99998,-1
-0.737,0.074,0.71,0.095,-0.767,1.98122,-1
-0.764,-0.737,0.074,0.71,0.095,1.93028,-1
-0.268,-0.764,-0.737,0.074,0.71,1.80414,1
0.706,-0.183,0.674,-0.268,-0.764,1.94156,-1
0.283,-0.599,0.706,-0.183,0.674,1.56288,-1
0.074,-1.178,0.283,-0.599,0.706,1.85915,-1
0.057,-0.1,0.074,-1.178,0.283,1.55879,1
0.166,0.057,-0.1,0.074,-1.178,1.62133,-1
-0.339,0.166,0.057,-0.1,0.074,1.67862,-1
-0.657,-0.339,0.166,0.057,-0.1,1.9308,1
0.23,-0.657,-0.339,0.166,0.057,1.57111,-1
-0.6,0.23,-0.657,-0.339,0.166,1.54109,1
0.103,0.986,-0.319,0.596,-0.6,2.22986,-1
-0.292,0.103,0.986,-0.319,0.596,1.64016,1
1.262,-0.292,0.103,0.986,-0.319,1.93209,1
0.241,1.262,-0.292,0.103,0.986,2.0677,-1
-0.074,0.796,-0.379,0.241,1.262,1.93805,-1
-0.754,-0.074,0.796,-0.379,0.241,2.08236,-1
-0.328,-0.754,-0.074,0.796,-0.379,1.98675,1
0.046,-0.328,-0.754,-0.074,0.796,2.07934,1
0.829,0.046,-0.328,-0.754,-0.074,3.15247,-1
-0.557,0.829,0.046,-0.328,-0.754,2.07654,-1
-0.912,-0.786,-0.557,0.829,0.046,2.54815,1
0.365,-0.912,-0.786,-0.557,0.829,2.42472,1
0.055,0.365,-0.912,-0.786,-0.557,1.97302,1
0.028,0.055,0.365,-0.912,-0.786,2.02222,1
0.101,0.002,0.028,0.055,0.365,2.10698,1
0.092,0.887,0.101,0.002,0.028,2.09752,-1
-0.172,0.092,0.887,0.101,0.002,2.09749,-1
-0.997,-0.172,0.092,0.887,0.101,2.34142,-1
-0.41,-1.489,-0.997,-0.172,0.092,2.79203,1
0.37,-0.41,-1.489,-0.997,-0.172,2.12608,-1
-0.717,0.37,-0.41,-1.489,-0.997,2.19599,-1
-0.207,-0.717,0.37,-0.41,-1.489,2.29904,-1
-0.607,-0.207,-0.717,0.37,-0.41,2.49128,-1
-0.071,-0.607,-0.207,-0.717,0.37,2.35115,1
0.827,-0.071,-0.607,-0.207,-0.717,2.18894,1
0.297,0.827,-0.071,-0.607,-0.207,2.05457,-1
-1.005,0.297,0.827,-0.071,-0.607,2.19701,1
1.496,-1.005,0.297,0.827,-0.071,2.70359,-1
-1.502,1.496,-1.005,0.297,0.827,2.61725,1
1.678,0.152,-1.502,1.496,-1.005,2.19779,-1
-0.237,1.678,0.152,-1.502,1.496,2.31247,-1
-0.431,-0.237,1.678,0.152,-1.502,2.46775,-1
-1.048,-0.431,-0.237,1.678,0.152,2.39537,1
1.655,-1.048,-0.431,-0.237,1.678,2.3794,1
0.718,1.655,-1.048,-0.431,-0.237,2.56747,-1
-0.352,0.718,1.655,-1.048,-0.431,2.45785,1
0.998,-0.352,0.718,1.655,-1.048,2.64809,1
0.426,0.998,-0.352,0.718,1.655,2.71663,1
0.016,0.426,0.998,-0.352,0.718,2.05051,1
0.219,0.016,0.426,0.998,-0.352,1.98758,-1
-0.345,0.219,0.016,0.426,0.998,1.96505,1
0.169,-0.345,0.219,0.016,0.426,2.21446,1
0.845,0.169,-0.345,0.219,0.016,2.37846,1
0.305,0.845,0.169,-0.345,0.219,1.77314,-1
-0.078,0.305,0.845,0.169,-0.345,1.89978,-1
0.179,-0.385,-0.078,0.305,0.845,2.12158,1
0.44,0.941,0.179,-0.385,-0.078,2.45329,1
0.508,0.527,0.44,0.941,0.179,2.29142,1
0.347,0.508,0.527,0.44,0.941,1.9854,1
0.209,0.347,0.508,0.527,0.44,0.72494,-1
-0.851,0.209,0.347,0.508,0.527,2.0169,1
0.002,-0.851,0.209,0.347,0.508,2.26834,-1
-0.636,0.002,-0.851,0.209,0.347,2.37469,1
1.216,-0.636,0.002,-0.851,0.209,2.61483,1
0.032,1.216,-0.636,0.002,-0.851,2.12558,-1
-0.236,0.032,1.216,-0.636,0.002,2.32584,1
-0.501,0.128,-0.236,0.032,1.216,2.09383,-1
0.281,-0.122,-0.501,0.128,-0.236,1.89629,1
0.084,0.281,-0.122,-0.501,0.128,1.87655,1
0.555,0.084,0.281,-0.122,-0.501,2.39002,1
0.419,0.555,0.084,0.281,-0.122,2.14552,-1
-0.141,0.419,0.555,0.084,0.281,2.18059,-1
-0.285,-0.141,0.419,0.555,0.084,2.58419,-1
-0.024,-0.584,-0.285,-0.141,0.419,1.99669,1
0.422,0.252,-0.024,-0.584,-0.285,1.8885,1
0.043,0.422,0.252,-0.024,-0.584,1.28581,-1
-0.955,0.043,0.422,0.252,-0.024,1.54047,1
-0.298,0.13,-0.955,0.043,0.422,1.38254,-1
